added_latency_s,method,fault_leg,trial_timestamp,success,response_time_s,response_steps,llm_calls
0,HERA,BL,20260808_033657,1,2.182,12698,9
0,HERA,BL,20260808_033732,1,2.121,12373,10
0,HERA,BL,20260808_033807,1,2.191,12800,11
0,HERA,BR,20260808_033842,1,2.13,12593,9
0,HERA,BR,20260808_033917,1,2.18,12800,9
0,HERA,BR,20260808_033952,1,2.165,12800,9
0,HERA,FL,20260808_033326,1,2.18,12189,9
0,HERA,FL,20260808_033401,1,2.165,12492,9
0,HERA,FL,20260808_033436,1,2.181,12800,9
0,HERA,FR,20260808_033511,1,2.321,13500,9
0,HERA,FR,20260808_033547,1,2.265,13383,9
0,HERA,FR,20260808_033622,1,2.27,13026,9
0,Baseline C,BL,20260808_034359,1,21.298,131726,167
0,Baseline C,BL,20260808_034434,0,,183854,3
0,Baseline C,BL,20260808_034509,0,,185000,3
0,Baseline C,BR,20260808_034544,1,23.409,144400,131
0,Baseline C,BR,20260808_034619,1,25.601,151660,90
0,Baseline C,BR,20260808_034654,1,20.659,129000,189
0,Baseline C,FL,20260808_034028,0,,186876,3
0,Baseline C,FL,20260808_034103,0,,189200,3
0,Baseline C,FL,20260808_034138,1,23.043,145800,142
0,Baseline C,FR,20260808_034213,1,29.268,176600,17
0,Baseline C,FR,20260808_034249,0,,178700,3
0,Baseline C,FR,20260808_034324,0,,185000,3
0,Baseline Fair,BL,20260808_063203,1,22.894,135505,140
0,Baseline Fair,BL,20260808_063238,1,21.562,128299,166
0,Baseline Fair,BL,20260808_063313,1,22.132,131598,156
0,Baseline Fair,BR,20260808_063349,1,20.301,123629,195
0,Baseline Fair,BR,20260808_063424,1,22.168,134039,158
0,Baseline Fair,BR,20260808_063459,1,21.053,126532,177
0,Baseline Fair,FL,20260808_062830,1,22.926,136961,140
0,Baseline Fair,FL,20260808_062906,1,21.802,130728,163
0,Baseline Fair,FL,20260808_062941,1,20.839,125499,179
0,Baseline Fair,FR,20260808_063016,1,21.728,126202,155
0,Baseline Fair,FR,20260808_063052,1,24.894,144240,100
0,Baseline Fair,FR,20260808_063127,1,23.13,137399,133
1,HERA,BL,20260808_035810,1,3.121,19253,8
1,HERA,BL,20260808_035846,1,3.088,19100,8
1,HERA,BL,20260808_035922,1,3.036,18382,8
1,HERA,BR,20260808_035958,1,3.025,18742,8
1,HERA,BR,20260808_040035,1,3.049,17738,8
1,HERA,BR,20260808_040111,1,3.145,19100,8
1,HERA,FL,20260808_035433,1,3.201,19100,7
1,HERA,FL,20260808_035509,1,3.124,18976,8
1,HERA,FL,20260808_035545,1,3.136,19100,8
1,HERA,FR,20260808_035621,1,5.749,36080,9
1,HERA,FR,20260808_035658,1,3.147,19100,9
1,HERA,FR,20260808_035734,1,3.151,19372,9
1,Baseline C,BL,20260808_040524,0,,187251,3
1,Baseline C,BL,20260808_040600,0,,183600,3
1,Baseline C,BL,20260808_040636,0,,178494,3
1,Baseline C,BR,20260808_040712,0,,184410,3
1,Baseline C,BR,20260808_040748,1,23.095,145068,139
1,Baseline C,BR,20260808_040824,1,29.623,184300,10
1,Baseline C,FL,20260808_040147,0,,186617,3
1,Baseline C,FL,20260808_040223,0,,185461,3
1,Baseline C,FL,20260808_040259,0,,187800,3
1,Baseline C,FR,20260808_040335,0,,187801,3
1,Baseline C,FR,20260808_040411,1,25.806,159653,84
1,Baseline C,FR,20260808_040448,1,28.802,180100,26
1,Baseline Fair,BL,20260808_063913,1,23.903,143244,119
1,Baseline Fair,BL,20260808_063950,1,22.526,133401,145
1,Baseline Fair,BL,20260808_064026,1,23.64,142010,126
1,Baseline Fair,BR,20260808_064103,1,23.767,144870,124
1,Baseline Fair,BR,20260808_064139,1,24.582,149489,106
1,Baseline Fair,BR,20260808_064216,1,22.996,136699,132
1,Baseline Fair,FL,20260808_063536,1,22.025,132429,155
1,Baseline Fair,FL,20260808_063612,1,20.724,121299,176
1,Baseline Fair,FL,20260808_063648,1,26.234,152440,75
1,Baseline Fair,FR,20260808_063725,1,19.726,117799,203
1,Baseline Fair,FR,20260808_063801,1,23.274,140272,132
1,Baseline Fair,FR,20260808_063837,1,23.718,143747,125
3,HERA,BL,20260808_042006,1,5.188,32324,7
3,HERA,BL,20260808_042044,1,5.114,32400,7
3,HERA,BL,20260808_042123,1,5.039,32383,7
3,HERA,BR,20260808_042201,1,5.073,32400,7
3,HERA,BR,20260808_042239,1,5.108,32400,7
3,HERA,BR,20260808_042317,1,5.112,32732,7
3,HERA,FL,20260808_041617,1,5.199,33100,7
3,HERA,FL,20260808_041655,1,5.134,32400,7
3,HERA,FL,20260808_041734,1,5.124,33077,7
3,HERA,FR,20260808_041812,1,5.195,32400,7
3,HERA,FR,20260808_041850,1,5.203,32400,7
3,HERA,FR,20260808_041928,1,5.189,32557,7
3,Baseline C,BL,20260808_042744,0,,189521,3
3,Baseline C,BL,20260808_042822,0,,188385,3
3,Baseline C,BL,20260808_042901,1,29.753,187919,8
3,Baseline C,BR,20260808_042939,0,,188728,3
3,Baseline C,BR,20260808_043017,1,28.672,176600,27
3,Baseline C,BR,20260808_043055,0,,181500,3
3,Baseline C,FL,20260808_042355,0,,186210,3
3,Baseline C,FL,20260808_042433,0,,180320,3
3,Baseline C,FL,20260808_042512,1,28.239,176276,37
3,Baseline C,FR,20260808_042550,1,26.201,163300,77
3,Baseline C,FR,20260808_042628,0,,187142,3
3,Baseline C,FR,20260808_042706,0,,186066,3
3,Baseline Fair,BL,20260808_064644,1,27.65,168703,48
3,Baseline Fair,BL,20260808_064722,1,29.51,180804,12
3,Baseline Fair,BL,20260808_064801,1,26.159,157670,76
3,Baseline Fair,BR,20260808_064839,1,28.271,165307,35
3,Baseline Fair,BR,20260808_064917,1,27.052,161483,59
3,Baseline Fair,BR,20260808_064956,1,27.945,169372,42
3,Baseline Fair,FL,20260808_064254,1,29.221,173099,17
3,Baseline Fair,FL,20260808_064332,1,28.965,176468,23
3,Baseline Fair,FL,20260808_064411,1,26.128,157714,78
3,Baseline Fair,FR,20260808_064449,1,24.59,150257,108
3,Baseline Fair,FR,20260808_064527,1,26.036,159799,80
3,Baseline Fair,FR,20260808_064606,1,27.655,167821,48
5,HERA,BL,20260808_044316,1,7.184,45398,6
5,HERA,BL,20260808_044357,1,7.079,45103,6
5,HERA,BL,20260808_044437,1,7.173,46157,6
5,HERA,BR,20260808_044517,1,7.131,45954,6
5,HERA,BR,20260808_044558,1,7.295,47090,6
5,HERA,BR,20260808_044638,1,7.109,45348,6
5,HERA,FL,20260808_043914,1,7.167,45811,6
5,HERA,FL,20260808_043955,1,7.074,45700,6
5,HERA,FL,20260808_044035,1,7.027,45360,6
5,HERA,FR,20260808_044115,1,27.22,176340,7
5,HERA,FR,20260808_044155,1,7.175,46054,6
5,HERA,FR,20260808_044236,1,7.155,45218,6
5,Baseline C,BL,20260808_045119,0,,188237,3
5,Baseline C,BL,20260808_045159,0,,188500,3
5,Baseline C,BL,20260808_045239,0,,189860,3
5,Baseline C,BR,20260808_045319,0,,191618,3
5,Baseline C,BR,20260808_045400,0,,186400,3
5,Baseline C,BR,20260808_045440,0,,181933,3
5,Baseline C,FL,20260808_044718,0,,188500,3
5,Baseline C,FL,20260808_044758,0,,188910,3
5,Baseline C,FL,20260808_044838,0,,181651,3
5,Baseline C,FR,20260808_044919,0,,185236,3
5,Baseline C,FR,20260808_044959,0,,187100,3
5,Baseline C,FR,20260808_045039,0,,187522,3
5,Baseline Fair,BL,20260808_065438,0,,,3
5,Baseline Fair,BL,20260808_065518,1,28.479,172960,32
5,Baseline Fair,BL,20260808_065558,0,,,3
5,Baseline Fair,BR,20260808_065639,0,,,3
5,Baseline Fair,BR,20260808_065719,0,,,3
5,Baseline Fair,BR,20260808_065759,0,,,3
5,Baseline Fair,FL,20260808_065036,0,,,3
5,Baseline Fair,FL,20260808_065116,0,,,3
5,Baseline Fair,FL,20260808_065156,0,,,3
5,Baseline Fair,FR,20260808_065237,0,,,3
5,Baseline Fair,FR,20260808_065317,0,,,3
5,Baseline Fair,FR,20260808_065357,0,,,3
10,HERA,BL,20260808_050759,1,12.159,79042,5
10,HERA,BL,20260808_050844,1,12.104,75800,5
10,HERA,BL,20260808_050929,1,12.15,76500,5
10,HERA,BR,20260808_051014,1,12.196,77200,5
10,HERA,BR,20260808_051059,1,12.368,77200,5
10,HERA,BR,20260808_051144,1,12.134,75100,5
10,HERA,FL,20260808_050328,1,12.175,79383,5
10,HERA,FL,20260808_050413,1,12.05,77731,5
10,HERA,FL,20260808_050458,1,12.378,80271,5
10,HERA,FR,20260808_050543,1,12.255,80462,5
10,HERA,FR,20260808_050628,1,12.187,78346,5
10,HERA,FR,20260808_050714,1,12.196,79300,5
10,Baseline C,BL,20260808_051701,0,,183844,3
10,Baseline C,BL,20260808_051746,0,,182900,3
10,Baseline C,BL,20260808_051831,0,,181252,3
10,Baseline C,BR,20260808_051917,0,,182635,3
10,Baseline C,BR,20260808_052002,0,,182423,3
10,Baseline C,BR,20260808_052047,0,,182200,3
10,Baseline C,FL,20260808_051230,0,,172734,3
10,Baseline C,FL,20260808_051315,0,,167500,3
10,Baseline C,FL,20260808_051400,0,,171000,3
10,Baseline C,FR,20260808_051445,0,,173344,3
10,Baseline C,FR,20260808_051531,0,,178700,3
10,Baseline C,FR,20260808_051616,0,,182200,3
10,Baseline Fair,BL,20260808_070316,0,,,3
10,Baseline Fair,BL,20260808_070401,0,,,3
10,Baseline Fair,BL,20260808_070446,0,,,3
10,Baseline Fair,BR,20260808_070532,0,,,3
10,Baseline Fair,BR,20260808_070617,0,,,3
10,Baseline Fair,BR,20260808_070702,0,,,3
10,Baseline Fair,FL,20260808_065845,0,,,3
10,Baseline Fair,FL,20260808_065930,0,,,3
10,Baseline Fair,FL,20260808_070015,0,,,3
10,Baseline Fair,FR,20260808_070100,0,,,3
10,Baseline Fair,FR,20260808_070145,0,,,3
10,Baseline Fair,FR,20260808_070231,0,,,3
